filename,width,height,class,xmin,ymin,xmax,ymax
Pic_1000.jpg,400,400,NonMedicalMask,192,182,258,238
Pic_1001.jpg,400,400,NonMedicalMask,173,187,236,241
Pic_1003.jpg,400,400,NonMedicalMask,150,189,212,240
Pic_1005.jpg,400,400,NonMedicalMask,161,186,224,242
Pic_1006.jpg,400,400,NonMedicalMask,180,184,242,243
Pic_1007.jpg,400,400,NonMedicalMask,199,181,267,243
Pic_1008.jpg,400,400,NonMedicalMask,223,181,293,242
Pic_1010.jpg,400,400,NonMedicalMask,253,185,322,243
Pic_1012.jpg,400,400,NonMedicalMask,230,216,280,259
Pic_1013.jpg,400,400,NonMedicalMask,218,225,264,255
Pic_1014.jpg,400,400,NonMedicalMask,219,222,264,255
Pic_1015.jpg,400,400,NonMedicalMask,227,222,268,250
Pic_1016.jpg,400,400,NonMedicalMask,230,218,267,248
Pic_1017.jpg,400,400,NonMedicalMask,217,218,251,244
Pic_1018.jpg,400,400,NonMedicalMask,196,218,228,241
Pic_1020.jpg,400,400,NonMedicalMask,140,218,171,246
Pic_1021.jpg,400,400,NonMedicalMask,108,219,139,248
Pic_1022.jpg,400,400,NonMedicalMask,78,218,113,246
Pic_1023.jpg,400,400,NonMedicalMask,66,214,103,242
Pic_1024.jpg,400,400,NonMedicalMask,71,208,108,239
Pic_1025.jpg,400,400,NonMedicalMask,77,208,113,237
Pic_1026.jpg,400,400,NonMedicalMask,83,208,121,237
Pic_1027.jpg,400,400,NonMedicalMask,109,206,145,237
Pic_1028.jpg,400,400,NonMedicalMask,131,207,168,236
Pic_1029.jpg,400,400,NonMedicalMask,146,207,180,235
Pic_1030.jpg,400,400,NonMedicalMask,167,204,199,237
Pic_1031.jpg,400,400,NonMedicalMask,187,200,221,232
Pic_1032.jpg,400,400,NonMedicalMask,216,197,248,232
Pic_1033.jpg,400,400,NonMedicalMask,246,197,280,230
Pic_1034.jpg,400,400,NonMedicalMask,256,196,288,227
Pic_1035.jpg,400,400,NonMedicalMask,248,194,282,228
Pic_1036.jpg,400,400,NonMedicalMask,239,193,272,225
Pic_1038.jpg,400,400,NonMedicalMask,212,196,260,232
Pic_1040.jpg,400,400,NonMedicalMask,224,207,266,242
Pic_1041.jpg,400,400,NonMedicalMask,225,208,267,241
Pic_1042.jpg,400,400,NonMedicalMask,215,208,255,240
Pic_1043.jpg,400,400,NonMedicalMask,206,216,240,246
Pic_1044.jpg,400,400,NonMedicalMask,204,225,241,250
Pic_1045.jpg,400,400,NonMedicalMask,221,229,252,251
Pic_1046.jpg,400,400,NonMedicalMask,228,232,259,253
Pic_1047.jpg,400,400,NonMedicalMask,227,232,255,252
Pic_1048.jpg,400,400,NonMedicalMask,216,228,242,247
Pic_1049.jpg,400,400,NonMedicalMask,204,229,233,246
Pic_1050.jpg,400,400,NonMedicalMask,192,227,218,247
Pic_1052.jpg,400,400,NonMedicalMask,153,209,176,234
Pic_1053.jpg,400,400,NonMedicalMask,135,207,159,231
Pic_1055.jpg,400,400,NonMedicalMask,116,214,145,236
Pic_1056.jpg,400,400,NonMedicalMask,115,214,141,238
Pic_1057.jpg,400,400,NonMedicalMask,127,215,159,240
Pic_1058.jpg,400,400,NonMedicalMask,138,211,171,239
Pic_1061.jpg,400,400,NonMedicalMask,87,200,138,240
Pic_1063.jpg,400,400,NonMedicalMask,101,191,162,239
Pic_1064.jpg,400,400,NonMedicalMask,107,184,176,240
Pic_1066.jpg,400,400,NonMedicalMask,68,161,156,236
Pic_1067.jpg,400,400,NonMedicalMask,9,140,119,234
Pic_1068.jpg,400,400,NonMedicalMask,1,109,111,221
Pic_1069.jpg,400,400,NonMedicalMask,13,85,136,200
Pic_1070.jpg,400,400,NonMedicalMask,34,81,161,194
Pic_1071.jpg,400,400,NonMedicalMask,37,76,164,192
Pic_1072.jpg,400,400,NonMedicalMask,44,72,171,184
Pic_1073.jpg,400,400,NonMedicalMask,44,110,171,223
Pic_1074.jpg,400,400,NonMedicalMask,62,118,181,235
Pic_1075.jpg,400,400,NonMedicalMask,150,121,269,234
Pic_1076.jpg,400,400,NonMedicalMask,249,115,380,232
Pic_1077.jpg,400,400,NonMedicalMask,275,127,400,234
Pic_1078.jpg,400,400,NonMedicalMask,264,152,389,251
Pic_1079.jpg,400,400,NonMedicalMask,241,250,346,344
Pic_1080.jpg,400,400,NonMedicalMask,242,313,338,392
Pic_1082.jpg,400,400,NonMedicalMask,245,215,318,274
Pic_1083.jpg,400,400,NonMedicalMask,228,195,283,244
Pic_1084.jpg,400,400,NonMedicalMask,193,200,241,241
Pic_1086.jpg,400,400,NonMedicalMask,141,207,184,240
Pic_1088.jpg,400,400,NonMedicalMask,145,211,181,239
Pic_1089.jpg,400,400,NonMedicalMask,138,210,172,236
Pic_1090.jpg,400,400,NonMedicalMask,116,210,148,239
Pic_1091.jpg,400,400,NonMedicalMask,106,211,140,240
Pic_1092.jpg,400,400,NonMedicalMask,131,211,157,238
Pic_1094.jpg,400,400,NonMedicalMask,174,211,204,241
Pic_1095.jpg,400,400,NonMedicalMask,167,210,204,240
Pic_1096.jpg,400,400,NonMedicalMask,155,202,201,236
Pic_1097.jpg,400,400,NonMedicalMask,129,200,177,238
Pic_1098.jpg,400,400,NonMedicalMask,113,203,152,247
Pic_1099.jpg,400,400,NonMedicalMask,122,208,167,252
Pic_1100.jpg,400,400,NonMedicalMask,108,206,166,254
Pic_1101.jpg,400,400,NonMedicalMask,88,183,165,243
Pic_1103.jpg,400,400,NonMedicalMask,44,175,120,238
Pic_1104.jpg,400,400,NonMedicalMask,44,170,120,234
Pic_1105.jpg,400,400,NonMedicalMask,60,176,133,237
Pic_1106.jpg,400,400,NonMedicalMask,102,182,167,236
Pic_1107.jpg,400,400,NonMedicalMask,134,192,190,242
Pic_1108.jpg,400,400,NonMedicalMask,150,192,206,241
Pic_1109.jpg,400,400,NonMedicalMask,158,191,218,241
Pic_1110.jpg,400,400,NonMedicalMask,155,190,215,242
Pic_1111.jpg,400,400,NonMedicalMask,133,185,199,241
Pic_1112.jpg,400,400,NonMedicalMask,98,181,177,243
Pic_1113.jpg,400,400,NonMedicalMask,55,181,140,254
Pic_1114.jpg,400,400,NonMedicalMask,3,192,73,271
Pic_1116.jpg,400,400,FFPMask,21,189,97,245
Pic_1117.jpg,400,400,FFPMask,67,177,144,237
Pic_1118.jpg,400,400,FFPMask,126,179,203,239
Pic_1120.jpg,400,400,FFPMask,190,173,267,232
Pic_1121.jpg,400,400,FFPMask,185,167,262,227
Pic_1122.jpg,400,400,FFPMask,171,164,250,227
Pic_1123.jpg,400,400,FFPMask,143,159,224,224
Pic_1124.jpg,400,400,FFPMask,100,158,190,232
Pic_1126.jpg,400,400,FFPMask,51,90,172,196
Pic_1127.jpg,400,400,FFPMask,10,47,166,168
Pic_1128.jpg,400,400,FFPMask,3,44,151,171
Pic_1129.jpg,400,400,FFPMask,16,70,160,185
Pic_1130.jpg,400,400,FFPMask,41,86,174,192
Pic_1131.jpg,400,400,FFPMask,74,98,204,195
Pic_1132.jpg,400,400,FFPMask,83,109,208,204
Pic_1133.jpg,400,400,FFPMask,88,129,201,211
Pic_1137.jpg,400,400,FFPMask,190,137,335,242
Pic_1138.jpg,400,400,FFPMask,217,117,375,236
Pic_1139.jpg,400,400,FFPMask,219,115,372,227
Pic_1142.jpg,400,400,FFPMask,245,134,374,234
Pic_1143.jpg,400,400,FFPMask,247,164,364,252
Pic_1144.jpg,400,400,FFPMask,231,181,329,259
Pic_1145.jpg,400,400,FFPMask,249,224,357,306
Pic_1146.jpg,400,400,FFPMask,283,292,397,375
Pic_1147.jpg,400,400,FFPMask,289,317,399,400
Pic_1148.jpg,400,400,FFPMask,288,301,390,380
Pic_1149.jpg,400,400,FFPMask,260,303,355,372
Pic_1150.jpg,400,400,FFPMask,198,320,289,389
Pic_1151.jpg,400,400,FFPMask,138,327,216,388
Pic_1152.jpg,400,400,FFPMask,140,328,229,378
Pic_1153.jpg,400,400,FFPMask,158,323,229,375
Pic_1154.jpg,400,400,FFPMask,149,292,218,342
Pic_1155.jpg,400,400,FFPMask,128,229,195,280
Pic_1156.jpg,400,400,FFPMask,121,187,176,235
Pic_1157.jpg,400,400,FFPMask,127,177,178,225
Pic_1158.jpg,400,400,FFPMask,173,169,220,218
Pic_1160.jpg,400,400,FFPMask,224,171,268,213
Pic_1161.jpg,400,400,FFPMask,230,173,272,215
Pic_1162.jpg,400,400,FFPMask,230,174,273,219
Pic_1163.jpg,400,400,FFPMask,222,174,267,218
Pic_1165.jpg,400,400,FFPMask,194,174,252,222
Pic_1166.jpg,400,400,FFPMask,171,180,228,223
Pic_1168.jpg,400,400,FFPMask,140,176,199,215
Pic_1169.jpg,400,400,FFPMask,147,177,200,220
Pic_1171.jpg,400,400,FFPMask,190,194,242,239
Pic_1172.jpg,400,400,FFPMask,212,199,263,242
Pic_1173.jpg,400,400,FFPMask,214,202,262,246
Pic_1174.jpg,400,400,FFPMask,197,203,243,243
Pic_1175.jpg,400,400,FFPMask,166,199,220,243
Pic_1176.jpg,400,400,FFPMask,129,195,187,239
Pic_1177.jpg,400,400,FFPMask,123,195,183,236
Pic_1178.jpg,400,400,FFPMask,121,192,183,236
Pic_1179.jpg,400,400,FFPMask,118,190,182,236
Pic_1182.jpg,400,400,FFPMask,169,183,236,239
Pic_1184.jpg,400,400,FFPMask,150,182,250,250
Pic_1185.jpg,400,400,FFPMask,90,163,204,250
Pic_1186.jpg,400,400,FFPMask,24,158,164,257
Pic_1187.jpg,400,400,FFPMask,2,141,158,259
Pic_1188.jpg,400,400,FFPMask,3,139,151,260
Pic_1190.jpg,400,400,FFPMask,119,139,266,257
Pic_1191.jpg,400,400,FFPMask,204,142,346,252
Pic_1192.jpg,400,400,FFPMask,242,156,372,252
Pic_1193.jpg,400,400,FFPMask,237,162,359,246
Pic_1194.jpg,400,400,FFPMask,232,171,340,247
Pic_1195.jpg,400,400,FFPMask,207,181,300,244
Pic_1196.jpg,400,400,FFPMask,198,194,283,250
Pic_1197.jpg,400,400,FFPMask,234,261,321,318
Pic_1199.jpg,400,400,FFPMask,293,305,367,362
Pic_1200.jpg,400,400,FFPMask,284,265,351,317
Pic_1201.jpg,400,400,FFPMask,283,225,331,262
Pic_1203.jpg,400,400,FFPMask,255,212,298,239
Pic_1204.jpg,400,400,FFPMask,237,219,265,246
Pic_1206.jpg,400,400,FFPMask,190,231,209,251
Pic_1207.jpg,400,400,FFPMask,165,239,184,255
Pic_1208.jpg,400,400,FFPMask,169,236,191,256
Pic_1210.jpg,400,400,FFPMask,192,308,223,326
Pic_1211.jpg,400,400,FFPMask,217,308,243,328
Pic_1212.jpg,400,400,FFPMask,233,301,255,318
Pic_1213.jpg,400,400,FFPMask,234,299,257,316
Pic_1214.jpg,400,400,FFPMask,231,301,253,319
Pic_1215.jpg,400,400,FFPMask,231,301,252,318
Pic_1216.jpg,400,400,FFPMask,234,301,255,316
Pic_1217.jpg,400,400,FFPMask,240,298,264,318
Pic_1218.jpg,400,400,FFPMask,243,299,266,318
Pic_1219.jpg,400,400,FFPMask,243,299,266,318
Pic_1220.jpg,400,400,FFPMask,243,298,264,316
Pic_1221.jpg,400,400,FFPMask,242,298,265,317
Pic_1222.jpg,400,400,FFPMask,239,297,264,317
Pic_1223.jpg,400,400,FFPMask,238,298,262,315
Pic_1224.jpg,400,400,FFPMask,237,297,262,315
Pic_1225.jpg,400,400,FFPMask,227,301,251,318
Pic_1226.jpg,400,400,FFPMask,219,303,238,320
Pic_1227.jpg,400,400,FFPMask,217,304,234,322
Pic_1228.jpg,400,400,FFPMask,217,305,234,321
Pic_1229.jpg,400,400,FFPMask,218,305,233,322
Pic_1231.jpg,400,400,FFPMask,217,301,233,320
Pic_1232.jpg,400,400,FFPMask,220,301,236,318
Pic_1235.jpg,400,400,FFPMask,236,311,263,327
Pic_1236.jpg,400,400,FFPMask,232,318,262,333
Pic_1238.jpg,400,400,FFPMask,228,351,260,372
Pic_1241.jpg,400,400,FFPMask,208,224,239,245
Pic_1242.jpg,400,400,FFPMask,199,211,230,232
Pic_1243.jpg,400,400,FFPMask,194,210,221,232
Pic_1244.jpg,400,400,FFPMask,183,214,215,234
Pic_1246.jpg,400,400,FFPMask,164,225,201,244
Pic_1247.jpg,400,400,FFPMask,154,225,187,246
Pic_1249.jpg,400,400,FFPMask,123,236,159,260
Pic_1251.jpg,400,400,FFPMask,146,228,187,256
Pic_1252.jpg,400,400,FFPMask,162,232,206,260
Pic_1253.jpg,400,400,FFPMask,169,235,215,265
Pic_1254.jpg,400,400,FFPMask,166,234,209,264
Pic_1256.jpg,400,400,FFPMask,152,233,197,261
Pic_1257.jpg,400,400,FFPMask,150,231,192,260
Pic_1258.jpg,400,400,FFPMask,146,232,193,265
Pic_1259.jpg,400,400,FFPMask,157,221,205,254
Pic_1260.jpg,400,400,FFPMask,185,213,239,243
Pic_1261.jpg,400,400,FFPMask,218,220,266,254
Pic_1263.jpg,400,400,FFPMask,188,214,232,252
Pic_1264.jpg,400,400,FFPMask,173,209,215,247
Pic_1265.jpg,400,400,FFPMask,173,193,218,235
Pic_1267.jpg,400,400,FFPMask,174,179,219,225
Pic_1268.jpg,400,400,FFPMask,173,180,219,225
Pic_1269.jpg,400,400,FFPMask,165,181,215,225
Pic_1270.jpg,400,400,FFPMask,175,189,217,234
Pic_1272.jpg,400,400,FFPMask,190,206,211,240
Pic_1273.jpg,400,400,FFPMask,174,199,223,239
Pic_1274.jpg,400,400,FFPMask,148,195,209,241
Pic_1275.jpg,400,400,FFPMask,165,192,225,239
Pic_1276.jpg,400,400,FFPMask,193,189,253,235
Pic_1277.jpg,400,400,FFPMask,191,192,245,236
Pic_1280.jpg,400,400,FFPMask,165,216,211,253
Pic_1281.jpg,400,400,FFPMask,116,218,164,257
Pic_1282.jpg,400,400,FFPMask,75,226,122,262
Pic_1283.jpg,400,400,FFPMask,51,230,98,266
Pic_1284.jpg,400,400,FFPMask,49,227,96,263
Pic_1285.jpg,400,400,FFPMask,63,211,119,248
Pic_1288.jpg,400,400,FFPMask,106,190,162,232
Pic_1289.jpg,400,400,FFPMask,126,186,191,235
Pic_1291.jpg,400,400,FFPMask,187,182,259,233
Pic_1292.jpg,400,400,FFPMask,205,195,271,241
Pic_1293.jpg,400,400,FFPMask,210,195,279,243
Pic_1294.jpg,400,400,FFPMask,210,194,278,246
Pic_1295.jpg,400,400,FFPMask,212,201,277,247
Pic_1296.jpg,400,400,FFPMask,207,185,271,239
Pic_1298.jpg,400,400,FFPMask,200,178,273,235
Pic_1299.jpg,400,400,FFPMask,190,176,270,238
Pic_1300.jpg,400,400,FFPMask,164,163,255,234
Pic_1302.jpg,400,400,FFPMask,131,159,233,241
Pic_1303.jpg,400,400,FFPMask,81,164,198,245
Pic_1304.jpg,400,400,FFPMask,81,167,191,248
Pic_1305.jpg,400,400,FFPMask,92,171,202,248
Pic_1306.jpg,400,400,FFPMask,132,171,231,243
Pic_1307.jpg,400,400,FFPMask,177,171,271,241
Pic_1309.jpg,400,400,FFPMask,259,192,351,251
Pic_1310.jpg,400,400,FFPMask,293,199,357,249
Pic_1312.jpg,400,400,FFPMask,226,199,273,243
Pic_1313.jpg,400,400,FFPMask,181,195,234,240
Pic_1315.jpg,400,400,FFPMask,125,205,175,244
Pic_1316.jpg,400,400,FFPMask,117,201,166,236
Pic_1317.jpg,400,400,FFPMask,115,196,165,232
Pic_1319.jpg,400,400,FFPMask,115,196,167,236
Pic_1320.jpg,400,400,FFPMask,111,196,164,232
Pic_1321.jpg,400,400,FFPMask,111,195,168,234
Pic_1323.jpg,400,400,FFPMask,139,199,195,236
Pic_1324.jpg,400,400,FFPMask,182,201,234,237
Pic_1326.jpg,400,400,FFPMask,204,211,248,245
Pic_1327.jpg,400,400,FFPMask,208,212,249,245
Pic_1328.jpg,400,400,FFPMask,216,219,252,248
Pic_1330.jpg,400,400,FFPMask,227,226,263,250
Pic_1331.jpg,400,400,FFPMask,242,225,276,251
Pic_1333.jpg,400,400,FFPMask,266,226,297,249
Pic_1334.jpg,400,400,FFPMask,255,216,283,239
Pic_1335.jpg,400,400,FFPMask,238,206,268,231
Pic_1336.jpg,400,400,FFPMask,227,203,258,229
Pic_1337.jpg,400,400,FFPMask,213,201,245,231
Pic_1338.jpg,400,400,FFPMask,198,197,234,227
Pic_1339.jpg,400,400,FFPMask,187,201,220,229
Pic_1341.jpg,400,400,FFPMask,158,207,190,231
Pic_1343.jpg,400,400,FFPMask,141,213,176,236
Pic_1344.jpg,400,400,FFPMask,146,211,183,237
Pic_1345.jpg,400,400,FFPMask,157,210,196,236
Pic_1347.jpg,400,400,FFPMask,150,207,197,240
Pic_1348.jpg,400,400,FFPMask,134,204,183,236
Pic_1349.jpg,400,400,FFPMask,132,201,192,239
Pic_1351.jpg,400,400,FFPMask,162,178,238,233
Pic_1352.jpg,400,400,FFPMask,159,172,246,239
Pic_1353.jpg,400,400,FFPMask,117,160,215,236
Pic_1354.jpg,400,400,FFPMask,48,152,161,245
Pic_1355.jpg,400,400,FFPMask,6,150,134,251
Pic_1356.jpg,400,400,FFPMask,13,156,137,253
Pic_1358.jpg,400,400,FFPMask,59,165,178,254
Pic_1359.jpg,400,400,FFPMask,108,176,222,263
Pic_1361.jpg,400,400,FFPMask,233,194,355,269
Pic_1362.jpg,400,400,FFPMask,246,199,365,264
Pic_1363.jpg,400,400,FFPMask,254,200,358,265
Pic_1364.jpg,400,400,FFPMask,250,198,358,264
Pic_1365.jpg,400,400,FFPMask,249,198,352,263
Pic_1366.jpg,400,400,FFPMask,247,192,347,255
Pic_1367.jpg,400,400,FFPMask,243,180,348,250
Pic_1368.jpg,400,400,FFPMask,239,172,348,248
Pic_1370.jpg,400,400,FFPMask,218,161,333,242
Pic_1371.jpg,400,400,FFPMask,159,147,276,236
Pic_1373.jpg,400,400,FFPMask,71,145,194,247
Pic_1374.jpg,400,400,FFPMask,45,139,180,244
Pic_1375.jpg,400,400,FFPMask,42,142,175,245
Pic_1376.jpg,400,400,FFPMask,52,145,187,245
Pic_1377.jpg,400,400,FFPMask,62,144,190,247
Pic_1378.jpg,400,400,FFPMask,66,145,203,243
Pic_1381.jpg,400,400,FFPMask,118,157,252,251
Pic_1382.jpg,400,400,FFPMask,189,138,318,241
Pic_1383.jpg,400,400,FFPMask,239,114,376,227
Pic_1384.jpg,400,400,FFPMask,271,64,400,183
Pic_1385.jpg,400,400,FFPMask,258,67,400,185
Pic_1386.jpg,400,400,FFPMask,215,141,354,242
Pic_1387.jpg,400,400,FFPMask,133,148,259,248
Pic_1388.jpg,400,400,FFPMask,70,182,209,283
Pic_1389.jpg,400,400,FFPMask,70,256,219,360
Pic_1390.jpg,400,400,FFPMask,84,263,204,354
Pic_1391.jpg,400,400,FFPMask,112,201,199,262
Pic_1392.jpg,400,400,FFPMask,118,190,190,243
Pic_1393.jpg,400,400,FFPMask,105,188,169,239
Pic_1394.jpg,400,400,FFPMask,104,193,171,240
Pic_1395.jpg,400,400,FFPMask,147,195,216,240
Pic_1396.jpg,400,400,FFPMask,208,194,272,242
Pic_1398.jpg,400,400,FFPMask,260,197,329,242
Pic_1399.jpg,400,400,FFPMask,253,196,320,241
Pic_1400.jpg,400,400,FFPMask,235,198,279,242
Pic_1401.jpg,400,400,FFPMask,229,199,270,244
Pic_1402.jpg,400,400,FFPMask,234,202,283,247
Pic_1403.jpg,400,400,FFPMask,232,202,292,248
Pic_1404.jpg,400,400,FFPMask,220,192,290,240
Pic_1405.jpg,400,400,FFPMask,189,183,261,236
Pic_1406.jpg,400,400,FFPMask,157,183,228,238
Pic_1407.jpg,400,400,FFPMask,144,175,222,235
Pic_1409.jpg,400,400,FFPMask,105,162,203,236
Pic_1410.jpg,400,400,FFPMask,71,172,169,252
Pic_1411.jpg,400,400,FFPMask,55,188,142,254
Pic_1412.jpg,400,400,FFPMask,47,190,140,261
Pic_1413.jpg,400,400,FFPMask,46,183,162,255
Pic_1414.jpg,400,400,FFPMask,98,161,208,242
Pic_1417.jpg,400,400,FFPMask,228,120,351,201
Pic_1418.jpg,400,400,FFPMask,243,156,361,236
Pic_1419.jpg,400,400,FFPMask,248,170,358,250
Pic_1420.jpg,400,400,FFPMask,243,180,326,245
Pic_1421.jpg,400,400,FFPMask,235,192,307,242
Pic_1422.jpg,400,400,FFPMask,243,196,308,245
Pic_1423.jpg,400,400,FFPMask,259,206,327,249
Pic_1425.jpg,400,400,FFPMask,258,274,322,320
Pic_1426.jpg,400,400,FFPMask,259,279,321,325
Pic_1427.jpg,400,400,FFPMask,256,250,316,297
Pic_1428.jpg,400,400,FFPMask,246,205,304,248
Pic_1430.jpg,400,400,FFPMask,208,197,266,236
Pic_1432.jpg,400,400,FFPMask,195,187,263,235
Pic_1433.jpg,400,400,FFPMask,194,179,278,239
Pic_1434.jpg,640,640,FFPMask,284,275,433,389
Pic_1435.jpg,400,400,FFPMask,122,150,232,241
Pic_1436.jpg,400,400,FFPMask,71,145,189,243
Pic_1437.jpg,400,400,FFPMask,38,154,166,253
Pic_1439.jpg,400,400,FFPMask,76,175,182,254
Pic_1440.jpg,400,400,FFPMask,139,184,228,248
Pic_1442.jpg,400,400,FFPMask,168,188,242,241
Pic_1444.jpg,400,400,FFPMask,127,195,190,242
Pic_1445.jpg,400,400,FFPMask,119,194,183,239
Pic_1446.jpg,400,400,FFPMask,125,192,188,241
Pic_1447.jpg,400,400,FFPMask,157,189,229,239
Pic_1448.jpg,400,400,FFPMask,201,180,280,236
Pic_1450.jpg,400,400,FFPMask,239,180,329,239
Pic_1451.jpg,400,400,FFPMask,227,164,329,235
Pic_1452.jpg,400,400,FFPMask,210,142,330,230
Pic_1453.jpg,400,400,FFPMask,208,130,337,232
Pic_1455.jpg,400,400,FFPMask,273,120,400,217
Pic_1456.jpg,400,400,FFPMask,243,170,377,260
Pic_1457.jpg,400,400,FFPMask,250,190,317,252
Pic_1458.jpg,400,400,FFPMask,224,206,266,253
Pic_1459.jpg,400,400,FFPMask,199,211,235,250
Pic_1462.jpg,400,400,FFPMask,147,189,185,223
Pic_1463.jpg,400,400,FFPMask,154,192,194,229
Pic_1464.jpg,400,400,FFPMask,164,194,207,227
Pic_1465.jpg,400,400,FFPMask,171,191,211,226
Pic_1466.jpg,400,400,FFPMask,182,190,220,225
Pic_1467.jpg,400,400,FFPMask,209,193,254,233
Pic_1468.jpg,400,400,FFPMask,222,200,259,234
Pic_1469.jpg,400,400,FFPMask,206,205,242,236
Pic_1471.jpg,400,400,FFPMask,171,211,207,238
Pic_1472.jpg,400,400,FFPMask,157,207,199,235
Pic_1473.jpg,400,400,FFPMask,180,208,219,234
Pic_1474.jpg,400,400,FFPMask,180,208,221,239
Pic_1476.jpg,400,400,FFPMask,193,208,221,237
Pic_1477.jpg,400,400,FFPMask,199,208,228,239
Pic_1478.jpg,400,400,FFPMask,198,208,242,239
Pic_1479.jpg,400,400,FFPMask,196,202,241,236
Pic_1480.jpg,400,400,FFPMask,187,199,237,239
Pic_1481.jpg,400,400,FFPMask,198,190,259,240
Pic_1482.jpg,400,400,FFPMask,207,181,280,239
Pic_1483.jpg,400,400,FFPMask,184,176,276,246
Pic_1485.jpg,400,400,FFPMask,56,159,189,249
Pic_1486.jpg,400,400,FFPMask,63,159,204,254
Pic_367.jpg,400,400,SurgicalMask,1,204,53,246
Pic_368.jpg,400,400,SurgicalMask,56,194,111,239
Pic_372.jpg,400,400,SurgicalMask,191,180,257,238
Pic_373.jpg,400,400,SurgicalMask,209,180,275,239
Pic_374.jpg,400,400,SurgicalMask,216,184,280,241
Pic_376.jpg,400,400,SurgicalMask,207,192,266,241
Pic_377.jpg,400,400,SurgicalMask,191,199,244,242
Pic_379.jpg,400,400,SurgicalMask,201,205,242,240
Pic_380.jpg,400,400,SurgicalMask,213,207,252,240
Pic_382.jpg,400,400,SurgicalMask,208,199,248,232
Pic_383.jpg,400,400,SurgicalMask,198,203,236,236
Pic_384.jpg,400,400,SurgicalMask,198,199,239,234
Pic_385.jpg,400,400,SurgicalMask,211,191,251,233
Pic_386.jpg,400,400,SurgicalMask,228,184,269,231
Pic_387.jpg,400,400,SurgicalMask,240,177,282,228
Pic_388.jpg,400,400,SurgicalMask,244,165,281,221
Pic_389.jpg,400,400,SurgicalMask,234,159,286,219
Pic_390.jpg,400,400,SurgicalMask,194,166,270,234
Pic_391.jpg,400,400,SurgicalMask,192,178,267,239
Pic_392.jpg,400,400,SurgicalMask,201,189,273,248
Pic_393.jpg,400,400,SurgicalMask,190,184,259,246
Pic_394.jpg,400,400,SurgicalMask,148,164,207,231
Pic_395.jpg,400,400,SurgicalMask,108,152,161,222
Pic_396.jpg,400,400,SurgicalMask,70,148,123,220
Pic_398.jpg,400,400,SurgicalMask,118,180,165,248
Pic_399.jpg,400,400,SurgicalMask,143,198,192,257
Pic_400.jpg,400,400,SurgicalMask,162,217,217,271
Pic_402.jpg,400,400,SurgicalMask,170,236,237,282
Pic_403.jpg,400,400,SurgicalMask,158,226,232,277
Pic_404.jpg,400,400,SurgicalMask,125,207,202,264
Pic_405.jpg,400,400,SurgicalMask,82,186,164,255
Pic_406.jpg,400,400,SurgicalMask,61,169,146,244
Pic_407.jpg,400,400,SurgicalMask,37,159,137,246
Pic_409.jpg,400,400,SurgicalMask,1,132,97,238
Pic_410.jpg,400,400,SurgicalMask,1,149,46,252
Pic_411.jpg,400,400,SurgicalMask,1,181,31,255
Pic_412.jpg,400,400,SurgicalMask,1,181,57,271
Pic_413.jpg,400,400,SurgicalMask,33,171,127,265
Pic_414.jpg,400,400,SurgicalMask,92,178,187,263
Pic_415.jpg,400,400,SurgicalMask,124,179,218,258
Pic_418.jpg,400,400,SurgicalMask,133,161,219,243
Pic_420.jpg,400,400,SurgicalMask,122,173,202,240
Pic_421.jpg,400,400,SurgicalMask,135,190,204,244
Pic_422.jpg,400,400,SurgicalMask,171,189,235,242
Pic_423.jpg,400,400,SurgicalMask,212,190,280,237
Pic_424.jpg,400,400,SurgicalMask,233,187,295,236
Pic_426.jpg,400,400,SurgicalMask,202,182,268,233
Pic_428.jpg,400,400,SurgicalMask,109,174,185,236
Pic_431.jpg,400,400,SurgicalMask,71,100,185,204
Pic_432.jpg,400,400,SurgicalMask,38,114,154,211
Pic_433.jpg,400,400,SurgicalMask,5,120,123,211
Pic_435.jpg,400,400,SurgicalMask,6,183,111,265
Pic_437.jpg,400,400,SurgicalMask,110,249,188,314
Pic_438.jpg,400,400,SurgicalMask,119,270,191,327
Pic_439.jpg,400,400,SurgicalMask,133,283,200,336
Pic_441.jpg,400,400,SurgicalMask,167,335,235,387
Pic_442.jpg,400,400,SurgicalMask,173,315,238,368
Pic_443.jpg,400,400,SurgicalMask,204,237,257,285
Pic_444.jpg,400,400,SurgicalMask,224,197,271,238
Pic_445.jpg,400,400,SurgicalMask,233,192,276,227
Pic_447.jpg,400,400,SurgicalMask,248,204,289,237
Pic_448.jpg,400,400,SurgicalMask,279,207,321,237
Pic_449.jpg,400,400,SurgicalMask,307,208,349,234
Pic_450.jpg,400,400,SurgicalMask,315,209,360,239
Pic_452.jpg,400,400,SurgicalMask,306,199,359,235
Pic_453.jpg,400,400,SurgicalMask,310,201,366,239
Pic_454.jpg,400,400,SurgicalMask,318,184,387,237
Pic_457.jpg,400,400,SurgicalMask,242,155,300,234
Pic_458.jpg,400,400,SurgicalMask,267,150,326,230
Pic_459.jpg,400,400,SurgicalMask,299,162,368,237
Pic_460.jpg,400,400,SurgicalMask,310,166,385,234
Pic_462.jpg,400,400,SurgicalMask,293,192,362,238
Pic_463.jpg,400,400,SurgicalMask,301,199,358,239
Pic_464.jpg,400,400,SurgicalMask,329,205,371,243
Pic_465.jpg,400,400,SurgicalMask,337,201,364,234
Pic_467.jpg,400,400,SurgicalMask,308,204,326,231
Pic_468.jpg,400,400,SurgicalMask,311,207,323,230
Pic_469.jpg,400,400,SurgicalMask,313,218,325,240
Pic_470.jpg,400,400,SurgicalMask,314,211,341,239
Pic_472.jpg,400,400,SurgicalMask,298,208,330,235
Pic_473.jpg,400,400,SurgicalMask,286,214,316,236
Pic_474.jpg,400,400,SurgicalMask,262,224,292,246
Pic_475.jpg,400,400,SurgicalMask,244,229,273,246
Pic_476.jpg,400,400,SurgicalMask,237,225,262,245
Pic_477.jpg,400,400,SurgicalMask,231,208,255,232
Pic_478.jpg,400,400,SurgicalMask,229,207,251,229
Pic_479.jpg,400,400,SurgicalMask,218,206,240,231
Pic_480.jpg,400,400,SurgicalMask,202,205,228,232
Pic_481.jpg,400,400,SurgicalMask,184,206,211,234
Pic_482.jpg,400,400,SurgicalMask,148,211,184,237
Pic_483.jpg,400,400,SurgicalMask,111,207,146,234
Pic_484.jpg,400,400,SurgicalMask,84,211,122,239
Pic_485.jpg,400,400,SurgicalMask,80,204,126,235
Pic_486.jpg,400,400,SurgicalMask,75,196,127,236
Pic_487.jpg,400,400,SurgicalMask,52,192,118,244
Pic_488.jpg,400,400,SurgicalMask,15,171,99,236
Pic_489.jpg,400,400,SurgicalMask,13,175,107,244
Pic_490.jpg,400,400,SurgicalMask,66,189,155,258
Pic_491.jpg,400,400,SurgicalMask,104,223,197,283
Pic_492.jpg,400,400,SurgicalMask,127,241,223,301
Pic_493.jpg,400,400,SurgicalMask,134,196,231,273
Pic_494.jpg,400,400,SurgicalMask,148,167,243,246
Pic_495.jpg,400,400,SurgicalMask,145,162,234,237
Pic_497.jpg,400,400,SurgicalMask,104,141,181,220
Pic_498.jpg,400,400,SurgicalMask,82,142,161,212
Pic_499.jpg,400,400,SurgicalMask,50,139,141,217
Pic_500.jpg,400,400,SurgicalMask,17,143,96,221
Pic_501.jpg,400,400,SurgicalMask,29,166,114,239
Pic_503.jpg,400,400,SurgicalMask,79,191,157,249
Pic_504.jpg,400,400,SurgicalMask,137,191,201,244
Pic_505.jpg,400,400,SurgicalMask,179,196,241,245
Pic_506.jpg,400,400,SurgicalMask,199,194,258,241
Pic_507.jpg,400,400,SurgicalMask,211,202,262,242
Pic_508.jpg,400,400,SurgicalMask,213,202,264,240
Pic_509.jpg,400,400,SurgicalMask,227,203,272,238
Pic_510.jpg,400,400,SurgicalMask,257,202,302,235
Pic_511.jpg,400,400,SurgicalMask,282,202,328,236
Pic_512.jpg,400,400,SurgicalMask,295,202,338,235
Pic_513.jpg,400,400,SurgicalMask,291,201,336,234
Pic_514.jpg,400,400,SurgicalMask,261,202,307,233
Pic_515.jpg,400,400,SurgicalMask,222,201,273,238
Pic_516.jpg,400,400,SurgicalMask,201,206,248,240
Pic_517.jpg,400,400,SurgicalMask,192,212,236,243
Pic_519.jpg,400,400,SurgicalMask,161,243,189,261
Pic_521.jpg,400,400,SurgicalMask,150,257,170,271
Pic_522.jpg,400,400,SurgicalMask,152,281,177,297
Pic_524.jpg,400,400,SurgicalMask,207,328,233,346
Pic_525.jpg,400,400,SurgicalMask,229,313,252,332
Pic_527.jpg,400,400,SurgicalMask,220,309,246,328
Pic_528.jpg,400,400,SurgicalMask,213,312,241,331
Pic_529.jpg,400,400,SurgicalMask,215,314,239,333
Pic_530.jpg,400,400,SurgicalMask,215,312,240,331
Pic_532.jpg,400,400,SurgicalMask,210,310,231,332
Pic_534.jpg,400,400,SurgicalMask,207,305,227,326
Pic_535.jpg,400,400,SurgicalMask,208,310,226,330
Pic_536.jpg,400,400,SurgicalMask,206,311,228,332
Pic_537.jpg,400,400,SurgicalMask,219,315,243,334
Pic_538.jpg,400,400,SurgicalMask,234,316,255,334
Pic_539.jpg,400,400,SurgicalMask,238,318,256,334
Pic_541.jpg,400,400,SurgicalMask,235,316,255,335
Pic_542.jpg,400,400,SurgicalMask,224,315,249,333
Pic_543.jpg,400,400,SurgicalMask,222,312,246,331
Pic_544.jpg,400,400,SurgicalMask,229,308,250,328
Pic_545.jpg,400,400,SurgicalMask,230,308,252,327
Pic_546.jpg,400,400,SurgicalMask,232,310,254,328
Pic_548.jpg,400,400,SurgicalMask,231,309,249,329
Pic_550.jpg,400,400,SurgicalMask,231,308,249,327
Pic_551.jpg,400,400,SurgicalMask,228,306,251,326
Pic_552.jpg,400,400,SurgicalMask,233,307,255,325
Pic_553.jpg,400,400,SurgicalMask,242,309,264,326
Pic_554.jpg,400,400,SurgicalMask,247,313,269,329
Pic_555.jpg,400,400,SurgicalMask,251,310,271,330
Pic_556.jpg,400,400,SurgicalMask,252,309,271,329
Pic_557.jpg,400,400,SurgicalMask,251,308,270,330
Pic_559.jpg,400,400,SurgicalMask,222,306,241,326
Pic_560.jpg,400,400,SurgicalMask,221,308,236,326
Pic_561.jpg,400,400,SurgicalMask,223,312,239,329
Pic_562.jpg,400,400,SurgicalMask,229,319,248,334
Pic_563.jpg,400,400,SurgicalMask,227,329,250,342
Pic_564.jpg,400,400,SurgicalMask,220,344,242,358
Pic_566.jpg,400,400,SurgicalMask,195,327,224,350
Pic_567.jpg,400,400,SurgicalMask,199,248,228,271
Pic_568.jpg,400,400,SurgicalMask,195,212,225,235
Pic_569.jpg,400,400,SurgicalMask,187,211,214,232
Pic_570.jpg,400,400,SurgicalMask,183,213,213,234
Pic_571.jpg,400,400,SurgicalMask,188,209,218,232
Pic_572.jpg,400,400,SurgicalMask,190,206,222,231
Pic_573.jpg,400,400,SurgicalMask,181,210,219,236
Pic_574.jpg,400,400,SurgicalMask,171,199,212,232
Pic_575.jpg,400,400,SurgicalMask,166,199,215,234
Pic_576.jpg,400,400,SurgicalMask,179,192,234,234
Pic_577.jpg,400,400,SurgicalMask,194,187,257,233
Pic_578.jpg,400,400,SurgicalMask,191,185,262,235
Pic_579.jpg,400,400,SurgicalMask,165,179,239,234
Pic_581.jpg,400,400,SurgicalMask,106,169,190,237
Pic_582.jpg,400,400,SurgicalMask,92,160,185,234
Pic_583.jpg,400,400,SurgicalMask,113,147,218,229
Pic_584.jpg,400,400,SurgicalMask,180,106,306,219
Pic_585.jpg,400,400,SurgicalMask,238,58,396,197
Pic_586.jpg,400,400,SurgicalMask,249,38,400,182
Pic_587.jpg,400,400,SurgicalMask,187,48,329,183
Pic_590.jpg,400,400,SurgicalMask,21,142,143,229
Pic_591.jpg,400,400,SurgicalMask,57,185,164,268
Pic_593.jpg,400,400,SurgicalMask,148,293,241,366
Pic_594.jpg,400,400,SurgicalMask,157,300,249,378
Pic_595.jpg,400,400,SurgicalMask,162,288,240,359
Pic_596.jpg,400,400,SurgicalMask,157,264,227,325
Pic_597.jpg,400,400,SurgicalMask,133,260,195,314
Pic_598.jpg,400,400,SurgicalMask,130,270,195,322
Pic_600.jpg,400,400,SurgicalMask,150,297,212,344
Pic_601.jpg,400,400,SurgicalMask,153,279,204,326
Pic_602.jpg,400,400,SurgicalMask,163,217,212,256
Pic_603.jpg,400,400,SurgicalMask,173,197,215,232
Pic_604.jpg,400,400,SurgicalMask,167,200,206,234
Pic_605.jpg,400,400,SurgicalMask,166,206,204,234
Pic_606.jpg,400,400,SurgicalMask,182,207,220,237
Pic_608.jpg,400,400,SurgicalMask,246,208,282,236
Pic_609.jpg,400,400,SurgicalMask,254,208,292,235
Pic_610.jpg,400,400,SurgicalMask,253,208,289,232
Pic_611.jpg,400,400,SurgicalMask,252,211,290,235
Pic_612.jpg,400,400,SurgicalMask,262,215,296,236
Pic_613.jpg,400,400,SurgicalMask,285,213,318,236
Pic_615.jpg,400,400,SurgicalMask,300,209,336,234
Pic_616.jpg,400,400,SurgicalMask,291,211,323,234
Pic_617.jpg,400,400,SurgicalMask,293,211,318,236
Pic_618.jpg,400,400,SurgicalMask,285,214,311,238
Pic_620.jpg,400,400,SurgicalMask,243,206,281,235
Pic_622.jpg,400,400,SurgicalMask,172,201,215,234
Pic_624.jpg,400,400,SurgicalMask,171,192,211,234
Pic_625.jpg,400,400,SurgicalMask,174,190,218,239
Pic_626.jpg,400,400,SurgicalMask,189,185,251,233
Pic_627.jpg,400,400,SurgicalMask,179,178,248,234
Pic_629.jpg,400,400,SurgicalMask,169,167,269,239
Pic_630.jpg,400,400,SurgicalMask,164,158,271,241
Pic_632.jpg,400,400,SurgicalMask,87,157,197,243
Pic_634.jpg,400,400,SurgicalMask,103,152,210,242
Pic_636.jpg,400,400,SurgicalMask,154,160,252,241
Pic_637.jpg,400,400,SurgicalMask,170,164,269,245
Pic_639.jpg,400,400,SurgicalMask,170,175,261,247
Pic_641.jpg,400,400,SurgicalMask,143,187,210,242
Pic_642.jpg,400,400,SurgicalMask,159,193,218,237
Pic_643.jpg,400,400,SurgicalMask,183,196,237,238
Pic_644.jpg,400,400,SurgicalMask,196,198,246,236
Pic_645.jpg,400,400,SurgicalMask,194,198,241,235
Pic_647.jpg,400,400,SurgicalMask,185,202,231,237
Pic_648.jpg,400,400,SurgicalMask,185,199,236,235
Pic_649.jpg,400,400,SurgicalMask,191,199,241,238
Pic_650.jpg,400,400,SurgicalMask,191,196,246,241
Pic_652.jpg,400,400,SurgicalMask,153,181,225,234
Pic_654.jpg,400,400,SurgicalMask,123,173,209,242
Pic_655.jpg,400,400,SurgicalMask,140,172,232,243
Pic_657.jpg,400,400,SurgicalMask,158,173,246,245
Pic_658.jpg,400,400,SurgicalMask,148,171,232,240
Pic_659.jpg,400,400,SurgicalMask,128,178,204,239
Pic_660.jpg,400,400,SurgicalMask,116,184,188,241
Pic_661.jpg,400,400,SurgicalMask,121,191,177,236
Pic_663.jpg,400,400,SurgicalMask,119,199,171,236
Pic_664.jpg,400,400,SurgicalMask,122,203,162,237
Pic_665.jpg,400,400,SurgicalMask,136,206,179,235
Pic_666.jpg,400,400,SurgicalMask,162,207,201,233
Pic_667.jpg,400,400,SurgicalMask,174,206,211,231
Pic_668.jpg,400,400,SurgicalMask,177,204,213,231
Pic_669.jpg,400,400,SurgicalMask,172,203,213,231
Pic_671.jpg,400,400,SurgicalMask,189,205,220,236
Pic_672.jpg,400,400,SurgicalMask,194,205,218,238
Pic_674.jpg,400,400,SurgicalMask,236,200,271,236
Pic_675.jpg,400,400,SurgicalMask,257,195,300,236
Pic_677.jpg,400,400,SurgicalMask,229,186,291,237
Pic_678.jpg,400,400,SurgicalMask,235,183,308,237
Pic_679.jpg,400,400,SurgicalMask,285,183,363,239
Pic_680.jpg,400,400,SurgicalMask,322,184,397,245
Pic_681.jpg,400,400,SurgicalMask,322,211,396,265
Pic_683.jpg,400,400,SurgicalMask,268,231,329,267
Pic_685.jpg,400,400,SurgicalMask,252,240,313,275
Pic_686.jpg,400,400,SurgicalMask,251,239,321,277
Pic_687.jpg,400,400,SurgicalMask,259,236,321,272
Pic_689.jpg,400,400,SurgicalMask,249,222,301,262
Pic_691.jpg,400,400,SurgicalMask,204,205,259,243
Pic_692.jpg,400,400,SurgicalMask,176,194,232,237
Pic_693.jpg,400,400,SurgicalMask,146,190,204,235
Pic_694.jpg,400,400,SurgicalMask,101,187,161,232
Pic_695.jpg,400,400,SurgicalMask,69,192,129,238
Pic_697.jpg,400,400,SurgicalMask,86,203,132,237
Pic_698.jpg,400,400,SurgicalMask,99,206,141,238
Pic_699.jpg,400,400,SurgicalMask,90,206,131,238
Pic_701.jpg,400,400,SurgicalMask,61,210,99,238
Pic_702.jpg,400,400,SurgicalMask,77,203,105,234
Pic_704.jpg,400,400,SurgicalMask,80,202,109,232
Pic_705.jpg,400,400,SurgicalMask,81,204,109,234
Pic_707.jpg,400,400,SurgicalMask,106,205,137,237
Pic_708.jpg,400,400,SurgicalMask,109,208,151,239
Pic_709.jpg,400,400,SurgicalMask,113,209,162,244
Pic_710.jpg,400,400,SurgicalMask,105,205,158,242
Pic_711.jpg,400,400,SurgicalMask,95,199,154,239
Pic_712.jpg,400,400,SurgicalMask,103,195,167,242
Pic_713.jpg,400,400,SurgicalMask,138,185,205,239
Pic_714.jpg,400,400,SurgicalMask,171,180,241,240
Pic_715.jpg,400,400,SurgicalMask,180,182,256,243
Pic_716.jpg,400,400,SurgicalMask,169,185,248,250
Pic_718.jpg,400,400,SurgicalMask,171,189,257,250
Pic_719.jpg,400,400,SurgicalMask,183,191,256,248
Pic_721.jpg,400,400,SurgicalMask,190,190,264,248
Pic_722.jpg,400,400,SurgicalMask,193,185,266,245
Pic_723.jpg,400,400,SurgicalMask,192,180,270,245
Pic_724.jpg,400,400,SurgicalMask,179,159,278,238
Pic_725.jpg,400,400,SurgicalMask,178,142,283,234
Pic_727.jpg,400,400,SurgicalMask,261,104,396,222
Pic_728.jpg,400,400,SurgicalMask,294,108,400,223
Pic_729.jpg,400,400,SurgicalMask,255,134,389,233
Pic_730.jpg,400,400,SurgicalMask,206,152,331,250
Pic_732.jpg,400,400,SurgicalMask,131,187,235,264
Pic_733.jpg,400,400,SurgicalMask,122,200,200,260
Pic_734.jpg,400,400,SurgicalMask,107,202,169,248
Pic_735.jpg,400,400,SurgicalMask,47,219,100,257
Pic_736.jpg,400,400,SurgicalMask,1,226,28,267
Pic_737.jpg,400,400,NonMedicalMask,1,215,27,249
Pic_738.jpg,400,400,NonMedicalMask,30,195,81,239
Pic_741.jpg,400,400,NonMedicalMask,127,180,195,239
Pic_742.jpg,400,400,NonMedicalMask,164,161,239,228
Pic_743.jpg,400,400,NonMedicalMask,176,142,265,223
Pic_745.jpg,400,400,NonMedicalMask,132,135,236,229
Pic_746.jpg,400,400,NonMedicalMask,113,141,218,240
Pic_747.jpg,400,400,NonMedicalMask,100,150,208,249
Pic_749.jpg,400,400,NonMedicalMask,151,171,242,247
Pic_750.jpg,400,400,NonMedicalMask,187,181,270,246
Pic_752.jpg,400,400,NonMedicalMask,199,185,271,240
Pic_753.jpg,400,400,NonMedicalMask,199,186,257,240
Pic_754.jpg,400,400,NonMedicalMask,220,190,275,234
Pic_755.jpg,400,400,NonMedicalMask,262,194,312,233
Pic_756.jpg,400,400,NonMedicalMask,286,194,333,233
Pic_758.jpg,400,400,NonMedicalMask,305,198,355,236
Pic_760.jpg,400,400,NonMedicalMask,313,192,367,237
Pic_761.jpg,400,400,NonMedicalMask,299,185,369,232
Pic_762.jpg,400,400,NonMedicalMask,291,174,373,234
Pic_763.jpg,400,400,NonMedicalMask,308,160,399,232
Pic_764.jpg,400,400,NonMedicalMask,314,130,400,221
Pic_765.jpg,400,400,NonMedicalMask,287,115,400,205
Pic_767.jpg,400,400,NonMedicalMask,245,107,346,190
Pic_768.jpg,400,400,NonMedicalMask,237,163,331,240
Pic_769.jpg,400,400,NonMedicalMask,230,180,317,255
Pic_770.jpg,400,400,NonMedicalMask,233,187,313,254
Pic_771.jpg,400,400,NonMedicalMask,237,190,316,254
Pic_772.jpg,400,400,NonMedicalMask,236,190,306,244
Pic_773.jpg,400,400,NonMedicalMask,206,188,262,240
Pic_774.jpg,400,400,NonMedicalMask,155,199,204,238
Pic_776.jpg,400,400,NonMedicalMask,135,229,181,265
Pic_777.jpg,400,400,NonMedicalMask,129,255,171,293
Pic_779.jpg,400,400,NonMedicalMask,83,307,127,349
Pic_780.jpg,400,400,NonMedicalMask,86,314,128,353
Pic_781.jpg,400,400,NonMedicalMask,81,312,125,348
Pic_782.jpg,400,400,NonMedicalMask,77,271,118,306
Pic_783.jpg,400,400,NonMedicalMask,84,218,124,248
Pic_784.jpg,400,400,NonMedicalMask,95,204,134,230
Pic_786.jpg,400,400,NonMedicalMask,116,207,155,236
Pic_787.jpg,400,400,NonMedicalMask,104,199,150,233
Pic_789.jpg,400,400,NonMedicalMask,91,195,144,235
Pic_790.jpg,400,400,NonMedicalMask,103,185,159,234
Pic_792.jpg,400,400,NonMedicalMask,64,170,148,241
Pic_794.jpg,400,400,NonMedicalMask,29,154,129,249
Pic_795.jpg,400,400,NonMedicalMask,49,159,154,252
Pic_796.jpg,400,400,NonMedicalMask,109,165,207,248
Pic_797.jpg,400,400,NonMedicalMask,177,173,262,249
Pic_799.jpg,400,400,NonMedicalMask,232,183,308,249
Pic_800.jpg,400,400,NonMedicalMask,225,185,292,244
Pic_801.jpg,400,400,NonMedicalMask,217,194,278,245
Pic_802.jpg,400,400,NonMedicalMask,215,197,275,243
Pic_803.jpg,400,400,NonMedicalMask,232,199,289,242
Pic_805.jpg,400,400,NonMedicalMask,268,204,319,239
Pic_806.jpg,400,400,NonMedicalMask,264,204,309,236
Pic_808.jpg,400,400,NonMedicalMask,253,209,292,238
Pic_809.jpg,400,400,NonMedicalMask,264,212,303,239
Pic_810.jpg,400,400,NonMedicalMask,257,225,291,249
Pic_812.jpg,400,400,NonMedicalMask,241,225,263,250
Pic_813.jpg,400,400,NonMedicalMask,237,216,267,241
Pic_815.jpg,400,400,NonMedicalMask,242,218,270,239
Pic_816.jpg,400,400,NonMedicalMask,246,220,277,243
Pic_817.jpg,400,400,NonMedicalMask,245,222,273,243
Pic_818.jpg,400,400,NonMedicalMask,245,236,269,257
Pic_819.jpg,400,400,NonMedicalMask,245,283,271,304
Pic_820.jpg,400,400,NonMedicalMask,240,306,265,327
Pic_822.jpg,400,400,NonMedicalMask,238,304,262,325
Pic_823.jpg,400,400,NonMedicalMask,230,304,252,324
Pic_824.jpg,400,400,NonMedicalMask,230,306,252,323
Pic_826.jpg,400,400,NonMedicalMask,229,304,255,325
Pic_827.jpg,400,400,NonMedicalMask,229,304,253,322
Pic_828.jpg,400,400,NonMedicalMask,230,304,255,324
Pic_829.jpg,400,400,NonMedicalMask,229,305,252,321
Pic_831.jpg,400,400,NonMedicalMask,243,304,263,320
Pic_832.jpg,400,400,NonMedicalMask,245,304,263,320
Pic_833.jpg,400,400,NonMedicalMask,244,305,263,322
Pic_835.jpg,400,400,NonMedicalMask,245,304,262,321
Pic_836.jpg,400,400,NonMedicalMask,245,304,263,322
Pic_837.jpg,400,400,NonMedicalMask,245,303,262,324
Pic_838.jpg,400,400,NonMedicalMask,244,304,263,320
Pic_839.jpg,400,400,NonMedicalMask,241,302,259,318
Pic_840.jpg,400,400,NonMedicalMask,236,302,256,320
Pic_842.jpg,400,400,NonMedicalMask,223,305,243,325
Pic_843.jpg,400,400,NonMedicalMask,220,305,243,326
Pic_844.jpg,400,400,NonMedicalMask,221,307,239,326
Pic_845.jpg,400,400,NonMedicalMask,221,307,241,326
Pic_847.jpg,400,400,NonMedicalMask,220,310,238,326
Pic_848.jpg,400,400,NonMedicalMask,220,309,238,327
Pic_849.jpg,400,400,NonMedicalMask,221,308,244,326
Pic_850.jpg,400,400,NonMedicalMask,222,304,242,324
Pic_852.jpg,400,400,NonMedicalMask,226,301,243,320
Pic_853.jpg,400,400,NonMedicalMask,231,303,252,322
Pic_854.jpg,400,400,NonMedicalMask,234,306,255,325
Pic_856.jpg,400,400,NonMedicalMask,231,313,253,331
Pic_857.jpg,400,400,NonMedicalMask,223,326,247,346
Pic_858.jpg,400,400,NonMedicalMask,220,338,246,356
Pic_860.jpg,400,400,NonMedicalMask,222,245,248,265
Pic_861.jpg,400,400,NonMedicalMask,217,214,243,236
Pic_862.jpg,400,400,NonMedicalMask,212,213,239,236
Pic_863.jpg,400,400,NonMedicalMask,216,208,248,236
Pic_864.jpg,400,400,NonMedicalMask,219,206,253,230
Pic_865.jpg,400,400,NonMedicalMask,211,206,248,239
Pic_867.jpg,400,400,NonMedicalMask,191,197,239,236
Pic_868.jpg,400,400,NonMedicalMask,220,176,268,229
Pic_869.jpg,400,400,NonMedicalMask,227,164,284,224
Pic_870.jpg,400,400,NonMedicalMask,220,165,270,225
Pic_871.jpg,400,400,NonMedicalMask,189,166,232,225
Pic_872.jpg,400,400,NonMedicalMask,160,170,205,227
Pic_874.jpg,400,400,NonMedicalMask,101,241,161,274
Pic_875.jpg,400,400,NonMedicalMask,106,247,158,272
Pic_876.jpg,400,400,NonMedicalMask,105,243,159,271
Pic_877.jpg,400,400,NonMedicalMask,91,219,146,257
Pic_879.jpg,400,400,NonMedicalMask,95,183,147,234
Pic_880.jpg,400,400,NonMedicalMask,137,180,185,228
Pic_881.jpg,400,400,NonMedicalMask,163,173,203,229
Pic_882.jpg,400,400,NonMedicalMask,176,175,219,221
Pic_883.jpg,400,400,NonMedicalMask,177,177,213,221
Pic_885.jpg,400,400,NonMedicalMask,175,180,215,223
Pic_886.jpg,400,400,NonMedicalMask,178,179,219,222
Pic_887.jpg,400,400,NonMedicalMask,176,183,217,223
Pic_889.jpg,400,400,NonMedicalMask,184,191,233,233
Pic_890.jpg,400,400,NonMedicalMask,181,197,234,236
Pic_892.jpg,400,400,NonMedicalMask,162,206,205,240
Pic_893.jpg,400,400,NonMedicalMask,162,205,206,238
Pic_895.jpg,400,400,NonMedicalMask,186,206,225,236
Pic_896.jpg,400,400,NonMedicalMask,189,205,229,236
Pic_897.jpg,400,400,NonMedicalMask,187,203,226,235
Pic_898.jpg,400,400,NonMedicalMask,175,202,218,236
Pic_899.jpg,400,400,NonMedicalMask,164,203,206,239
Pic_901.jpg,400,400,NonMedicalMask,171,194,225,235
Pic_902.jpg,400,400,NonMedicalMask,175,190,235,237
Pic_904.jpg,400,400,NonMedicalMask,101,182,174,240
Pic_905.jpg,400,400,NonMedicalMask,66,182,145,248
Pic_906.jpg,400,400,NonMedicalMask,61,180,141,248
Pic_908.jpg,400,400,NonMedicalMask,67,181,145,246
Pic_909.jpg,400,400,NonMedicalMask,72,176,149,244
Pic_910.jpg,400,400,NonMedicalMask,77,176,154,244
Pic_911.jpg,400,400,NonMedicalMask,113,178,168,246
Pic_912.jpg,400,400,NonMedicalMask,136,185,190,248
Pic_913.jpg,400,400,NonMedicalMask,169,190,213,242
Pic_914.jpg,400,400,NonMedicalMask,199,200,234,247
Pic_916.jpg,400,400,NonMedicalMask,215,212,252,253
Pic_917.jpg,400,400,NonMedicalMask,241,218,276,255
Pic_918.jpg,400,400,NonMedicalMask,253,213,288,248
Pic_920.jpg,400,400,NonMedicalMask,245,213,280,244
Pic_921.jpg,400,400,NonMedicalMask,228,214,267,243
Pic_922.jpg,400,400,NonMedicalMask,201,217,241,246
Pic_923.jpg,400,400,NonMedicalMask,177,217,217,246
Pic_924.jpg,400,400,NonMedicalMask,160,217,198,246
Pic_925.jpg,400,400,NonMedicalMask,148,218,190,245
Pic_926.jpg,400,400,NonMedicalMask,142,220,179,247
Pic_927.jpg,400,400,NonMedicalMask,139,221,178,250
Pic_928.jpg,400,400,NonMedicalMask,147,216,185,245
Pic_930.jpg,400,400,NonMedicalMask,153,212,192,241
Pic_931.jpg,400,400,NonMedicalMask,143,213,185,246
Pic_933.jpg,400,400,NonMedicalMask,127,215,173,252
Pic_934.jpg,400,400,NonMedicalMask,79,223,135,267
Pic_935.jpg,400,400,NonMedicalMask,2,232,28,288
Pic_938.jpg,400,400,NonMedicalMask,1,227,65,325
Pic_940.jpg,400,400,NonMedicalMask,175,194,237,250
Pic_941.jpg,400,400,NonMedicalMask,185,192,238,243
Pic_942.jpg,400,400,NonMedicalMask,174,196,225,241
Pic_944.jpg,400,400,NonMedicalMask,163,217,207,250
Pic_945.jpg,400,400,NonMedicalMask,179,213,224,246
Pic_947.jpg,400,400,NonMedicalMask,186,214,230,244
Pic_948.jpg,400,400,NonMedicalMask,185,212,229,244
Pic_949.jpg,400,400,NonMedicalMask,184,213,227,247
Pic_950.jpg,400,400,NonMedicalMask,180,213,226,245
Pic_952.jpg,400,400,NonMedicalMask,177,213,220,245
Pic_953.jpg,400,400,NonMedicalMask,180,201,225,236
Pic_954.jpg,400,400,NonMedicalMask,177,193,222,232
Pic_956.jpg,400,400,NonMedicalMask,160,192,205,234
Pic_957.jpg,400,400,NonMedicalMask,165,190,213,235
Pic_958.jpg,400,400,NonMedicalMask,174,187,229,235
Pic_959.jpg,400,400,NonMedicalMask,181,182,240,234
Pic_960.jpg,400,400,NonMedicalMask,196,178,240,232
Pic_962.jpg,400,400,NonMedicalMask,134,179,180,234
Pic_963.jpg,400,400,NonMedicalMask,118,180,161,234
Pic_964.jpg,400,400,NonMedicalMask,111,179,159,235
Pic_966.jpg,400,400,NonMedicalMask,159,180,201,233
Pic_968.jpg,400,400,NonMedicalMask,193,189,249,235
Pic_969.jpg,400,400,NonMedicalMask,199,192,254,237
Pic_970.jpg,400,400,NonMedicalMask,209,188,265,238
Pic_972.jpg,400,400,NonMedicalMask,203,167,281,235
Pic_973.jpg,400,400,NonMedicalMask,200,156,290,239
Pic_974.jpg,400,400,NonMedicalMask,231,150,328,243
Pic_976.jpg,400,400,NonMedicalMask,278,148,387,241
Pic_977.jpg,400,400,NonMedicalMask,254,148,360,239
Pic_978.jpg,400,400,NonMedicalMask,200,135,277,225
Pic_979.jpg,400,400,NonMedicalMask,179,138,247,220
Pic_980.jpg,400,400,NonMedicalMask,182,137,253,215
Pic_981.jpg,400,400,NonMedicalMask,184,134,253,215
Pic_983.jpg,400,400,NonMedicalMask,202,140,290,221
Pic_984.jpg,400,400,NonMedicalMask,213,152,300,234
Pic_986.jpg,400,400,NonMedicalMask,249,164,353,248
Pic_987.jpg,400,400,NonMedicalMask,245,166,354,250
Pic_988.jpg,400,400,NonMedicalMask,165,164,261,257
Pic_989.jpg,400,400,NonMedicalMask,68,166,173,265
Pic_991.jpg,400,400,NonMedicalMask,113,292,198,379
Pic_992.jpg,400,400,NonMedicalMask,89,316,168,396
Pic_994.jpg,400,400,NonMedicalMask,60,273,151,358
Pic_995.jpg,400,400,NonMedicalMask,60,204,144,284
Pic_997.jpg,400,400,NonMedicalMask,121,174,200,248
Pic_998.jpg,400,400,NonMedicalMask,175,174,242,241
